old_candidate_id,new_candidate_id,date_modified
7100,46435,2023-06-23 08:20:29
683,46436,2022-11-22 13:46:27
2620,46437,2023-02-25 18:31:09
23752,46438,2024-12-28 14:25:04
26749,46439,2025-03-14 17:53:50
9449,46440,2023-10-20 09:17:39
7919,46441,2023-10-07 12:57:38
32630,46442,2025-10-22 11:52:08
2009,46443,2023-03-25 18:10:04
18542,46444,2024-09-09 10:29:59
35119,46445,2025-11-25 17:05:34
5502,46446,2023-06-08 09:21:28
8094,46447,2023-09-25 14:50:15
9357,46448,2023-11-30 17:10:35
9982,46449,2023-10-05 18:56:23
43815,46450,2026-07-06 16:05:09
30920,46451,2025-07-21 11:30:39
20465,46452,2024-09-20 11:32:56
592,46453,2022-11-18 09:25:46
32477,46454,2025-09-16 12:43:43
31797,46455,2025-10-14 18:32:00
6349,46456,2023-07-17 17:16:18
29888,46457,2025-09-05 11:33:04
20004,46458,2024-08-28 15:34:49
42644,46459,2026-07-09 17:37:26
43834,46460,2026-08-12 14:46:50
25000,46461,2025-03-03 14:41:58
33799,46462,2025-11-06 13:53:21
22328,46463,2024-11-02 11:02:00
4536,46464,2023-05-30 10:19:23
10235,46465,2024-01-14 11:19:35
10641,46466,2023-12-20 16:59:54
39548,46467,2026-04-19 14:08:05
27914,46468,2025-06-10 09:19:27
11012,46469,2023-11-03 11:56:03
30816,46470,2025-09-22 16:29:18
42415,46471,2026-05-22 15:27:53
38441,46472,2026-02-22 14:21:47
34288,46473,2026-01-16 11:26:16
37445,46474,2026-03-21 14:03:48
6739,46475,2023-08-15 11:19:53
21791,46476,2024-12-19 15:54:46
27085,46477,2025-04-20 11:43:58
13160,46478,2024-02-03 12:51:01
10571,46479,2024-01-15 08:57:52
32709,46480,2025-11-11 16:22:28
11533,46481,2024-01-05 11:36:48
35563,46482,2025-12-10 11:01:34
23888,46483,2025-02-21 08:55:13
33886,46484,2025-12-26 09:14:51
3589,46485,2023-03-16 16:00:08
31998,46486,2025-10-11 11:48:29
40790,46487,2026-04-27 08:59:08
21221,46488,2024-11-14 13:14:29
19720,46489,2024-09-15 11:31:55
1658,46490,2022-12-16 15:36:05
6539,46491,2023-08-28 13:43:36
19818,46492,2024-09-13 10:22:47
10397,46493,2023-10-22 11:50:33
36637,46494,2026-02-28 12:48:49
8798,46495,2023-10-11 11:33:18
14764,46496,2024-02-28 12:31:10
9250,46497,2023-11-15 16:30:39
40365,46498,2026-05-10 10:46:29
29578,46499,2025-07-03 12:44:16
28571,46500,2025-05-11 14:02:38
33011,46501,2025-11-13 09:09:13
17607,46502,2024-07-12 13:19:56
2217,46503,2023-03-22 18:57:15
13657,46504,2024-03-29 13:29:47
5795,46505,2023-06-11 14:13:24
24245,46506,2025-02-18 17:07:10
43856,46507,2026-08-19 10:14:58
20150,46508,2024-11-03 14:02:48
18451,46509,2024-09-18 12:21:29
37235,46510,2026-03-25 14:28:52
18554,46511,2024-07-24 17:46:57
8775,46512,2023-10-29 17:49:41
22549,46513,2024-12-14 15:10:47
1109,46514,2022-12-12 09:50:15
9720,46515,2023-10-18 14:23:19
11508,46516,2024-01-15 14:21:30
25229,46517,2025-03-01 16:16:55
3800,46518,2023-04-28 17:44:07
26204,46519,2025-05-12 16:30:58
31373,46520,2025-08-07 08:13:12
10459,46521,2023-10-15 11:58:04
70,46522,2022-10-12 09:57:29
7073,46523,2023-06-16 09:19:21
12141,46524,2023-12-16 12:06:49
13727,46525,2024-04-17 18:34:47
7254,46526,2023-07-14 11:42:21
9930,46527,2023-10-02 08:44:19
1843,46528,2022-12-15 10:14:24
31629,46529,2025-08-07 10:34:50
19619,46530,2024-09-09 18:44:27
12779,46531,2024-03-01 15:58:39
13395,46532,2024-04-08 18:44:46
29319,46533,2025-08-07 14:14:25
25194,46534,2025-03-07 17:52:40
34173,46535,2025-11-10 11:37:15
37736,46536,2026-03-09 10:33:54
32009,46537,2025-09-07 09:15:18
34800,46538,2025-11-30 16:35:05
43445,46539,2026-07-29 18:17:09
31435,46540,2025-07-30 16:33:44
31168,46541,2025-07-25 15:23:20
17225,46542,2024-06-08 18:50:53
25652,46543,2025-04-13 16:38:06
2762,46544,2023-01-29 09:02:47
29509,46545,2025-08-05 09:32:27
36926,46546,2026-03-15 14:18:44
39678,46547,2026-04-17 18:19:39
7833,46548,2023-10-14 17:53:27
22095,46549,2025-01-24 09:40:22
2877,46550,2023-02-27 08:48:16
8761,46551,2023-09-26 08:02:30
7983,46552,2023-08-12 16:50:59
43201,46553,2026-06-26 08:43:37
1036,46554,2022-12-20 12:20:01
12962,46555,2024-01-30 14:40:17
24073,46556,2025-02-22 12:43:31
22373,46557,2024-11-23 09:44:58
39883,46558,2026-05-18 13:06:24
20087,46559,2024-09-09 10:00:36
3917,46560,2023-04-05 14:21:30
28373,46561,2025-05-22 13:23:53
32642,46562,2025-10-27 15:34:30
9071,46563,2023-10-08 15:21:44
7185,46564,2023-07-09 18:54:03
37054,46565,2026-01-28 14:40:12
24811,46566,2025-01-31 09:33:36
27026,46567,2025-04-17 09:29:56
45889,46568,2026-09-07 13:56:16
30512,46569,2025-07-08 18:04:26
34932,46570,2025-12-15 09:05:42
3186,46571,2023-02-10 08:50:46
12464,46572,2024-01-27 10:50:11
26604,46573,2025-03-18 12:03:48
36221,46574,2026-02-12 08:58:25
34020,46575,2025-10-20 09:36:57
21049,46576,2024-10-17 08:02:37
21048,46577,2024-12-04 16:43:35
35964,46578,2026-01-09 12:24:46
832,46579,2022-11-18 08:03:15
31548,46580,2025-09-26 18:25:22
41519,46581,2026-05-15 09:23:09
42851,46582,2026-07-08 12:26:05
1643,46583,2023-02-16 10:03:26
30331,46584,2025-07-29 10:53:45
39105,46585,2026-03-22 18:01:58
40354,46586,2026-04-17 18:49:13
13492,46587,2024-02-02 15:08:13
27224,46588,2025-05-25 17:55:59
40237,46589,2026-05-10 14:43:53
1129,46590,2023-01-11 10:41:31
26199,46591,2025-02-24 13:36:34
42182,46592,2026-06-30 10:36:52
9036,46593,2023-09-24 15:40:19
12473,46594,2023-12-31 11:31:19
18473,46595,2024-07-31 08:53:40
11761,46596,2023-12-16 09:21:25
4694,46597,2023-04-02 13:54:32
955,46598,2022-11-10 11:44:23
26559,46599,2025-05-29 11:42:46
41227,46600,2026-05-11 14:08:20
13408,46601,2024-03-03 12:43:57
36040,46602,2026-01-19 15:41:39
25370,46603,2025-02-19 14:10:58
33998,46604,2025-12-20 16:40:27
2938,46605,2023-02-24 08:23:14
14440,46606,2024-02-18 17:09:59
45574,46607,2026-08-29 11:00:14
39907,46608,2026-04-06 11:52:15
766,46609,2022-11-18 14:25:36
33587,46610,2025-10-13 08:24:27
40881,46611,2026-05-21 16:17:03
31871,46612,2025-09-22 18:20:15
35021,46613,2025-12-09 13:29:15
15698,46614,2024-04-23 13:52:13
3169,46615,2023-04-27 09:13:37
7700,46616,2023-08-04 10:48:50
26328,46617,2025-05-08 12:48:03
844,46618,2022-12-01 17:06:17
28003,46619,2025-06-25 18:32:48
9019,46620,2023-09-26 14:20:31
29667,46621,2025-07-08 14:41:13
41419,46622,2026-05-21 09:57:01
396,46623,2022-10-26 17:07:33
37678,46624,2026-03-28 16:14:23
4821,46625,2023-03-27 08:39:14
31514,46626,2025-10-22 18:04:35
38872,46627,2026-03-24 09:09:55
33838,46628,2025-12-26 11:52:49
10705,46629,2023-12-27 12:42:39
27812,46630,2025-05-02 16:15:33
24980,46631,2025-04-03 09:34:51
24077,46632,2025-01-18 13:31:24
498,46633,2022-10-31 13:12:31
19831,46634,2024-09-12 11:48:22
32159,46635,2025-08-18 18:14:04
32429,46636,2025-10-24 14:06:58
5777,46637,2023-05-01 10:21:14
210,46638,2022-10-30 13:31:56
702,46639,2022-11-01 16:52:39
8395,46640,2023-09-13 08:10:53
26587,46641,2025-05-08 18:03:38
37928,46642,2026-02-19 08:02:41
38046,46643,2026-02-25 12:44:30
11868,46644,2024-01-29 09:49:37
34217,46645,2025-11-08 14:47:55
22834,46646,2024-11-23 14:12:47
31278,46647,2025-09-20 08:20:44
16719,46648,2024-06-28 17:04:26
32628,46649,2025-11-01 15:04:10
2467,46650,2023-03-29 14:54:11
53,46651,2022-11-01 10:14:15
22474,46652,2025-01-23 14:38:44
8313,46653,2023-08-23 15:09:41
30784,46654,2025-07-09 09:36:46
28062,46655,2025-06-08 18:02:31
8760,46656,2023-10-23 16:26:50
22792,46657,2025-01-18 11:47:42
9446,46658,2023-10-25 08:11:42
34192,46659,2025-11-23 11:05:43
35900,46660,2026-02-01 12:29:25
24623,46661,2025-03-02 09:13:11
27709,46662,2025-06-12 11:06:06
7791,46663,2023-09-18 09:31:59
43777,46664,2026-06-30 13:04:37
19127,46665,2024-08-18 18:11:02
17782,46666,2024-06-08 16:08:42
26313,46667,2025-04-30 11:36:03
36612,46668,2026-02-01 16:11:30
13945,46669,2024-04-10 16:57:07
33409,46670,2025-11-16 09:48:56
31756,46671,2025-10-04 09:56:42
14497,46672,2024-03-01 17:20:03
22951,46673,2024-12-15 18:40:23
13627,46674,2024-02-06 10:47:39
83,46675,2022-10-12 16:30:30
11714,46676,2024-01-22 08:55:00
26156,46677,2025-03-11 09:40:37
6067,46678,2023-06-29 13:48:22
49,46679,2022-10-23 09:20:04
35113,46680,2026-02-04 16:24:05
38597,46681,2026-04-01 11:46:18
32327,46682,2025-09-01 13:40:34
14048,46683,2024-04-12 18:51:21
23984,46684,2025-01-20 09:21:45
19433,46685,2024-08-16 17:13:13
10685,46686,2023-10-25 09:44:35
43513,46687,2026-07-19 17:09:56
26735,46688,2025-04-19 14:07:50
10501,46689,2023-10-17 13:53:39
31059,46690,2025-08-10 17:02:07
13892,46691,2024-04-01 09:02:19
43303,46692,2026-06-23 17:29:06
32614,46693,2025-10-06 15:03:22
47,46694,2022-10-24 08:18:30
33876,46695,2025-11-28 15:30:19
30469,46696,2025-06-27 10:50:05
34964,46697,2025-11-06 13:50:17
34265,46698,2025-12-13 13:55:31
33270,46699,2025-11-11 16:11:18
10852,46700,2023-11-19 16:50:04
44922,46701,2026-09-08 11:05:08
4194,46702,2023-04-23 14:18:50
8788,46703,2023-11-12 16:54:35
29054,46704,2025-05-24 18:37:07
24267,46705,2025-01-07 11:10:58
12358,46706,2023-12-10 13:10:49
17936,46707,2024-07-24 14:25:49
27424,46708,2025-04-13 16:03:16
9926,46709,2023-12-15 10:11:23
7506,46710,2023-07-12 17:27:33
22381,46711,2024-12-19 11:56:56
2551,46712,2023-01-17 12:40:49
33807,46713,2025-12-13 10:19:47
4284,46714,2023-04-19 17:07:19
31887,46715,2025-08-14 17:41:58
15528,46716,2024-04-24 17:05:36
22162,46717,2025-01-02 10:37:01
24389,46718,2025-01-28 14:25:45
31634,46719,2025-10-11 12:12:55
9688,46720,2023-10-12 08:06:12
5533,46721,2023-06-23 15:01:03
6550,46722,2023-07-03 14:02:08
1600,46723,2022-12-09 08:35:21
4414,46724,2023-04-03 13:49:21
31865,46725,2025-10-28 15:45:30
30908,46726,2025-07-30 17:20:42
32669,46727,2025-10-05 16:37:43
721,46728,2023-01-09 17:58:35
38933,46729,2026-03-02 18:06:00
19734,46730,2024-09-27 08:36:30
11137,46731,2023-11-13 14:37:57
28695,46732,2025-06-19 17:24:39
40838,46733,2026-04-11 14:28:16
19214,46734,2024-09-02 15:12:59
44022,46735,2026-08-27 13:40:40
25951,46736,2025-03-05 10:38:19
35642,46737,2025-12-19 12:56:30
45304,46738,2026-08-27 15:38:06
18232,46739,2024-07-01 08:20:52
28436,46740,2025-06-06 08:16:15
1542,46741,2022-12-05 13:19:46
43917,46742,2026-09-06 11:39:13
22889,46743,2024-12-29 16:02:52
33240,46744,2025-12-07 18:32:12
1361,46745,2023-01-14 14:58:05
44132,46746,2026-07-16 17:36:39
247,46747,2022-10-19 09:51:37
36113,46748,2026-01-24 09:10:20
30141,46749,2025-07-09 12:13:04
24751,46750,2025-01-27 11:35:18
29800,46751,2025-06-12 12:14:31
5255,46752,2023-05-28 16:38:48
37883,46753,2026-03-08 08:15:41
3654,46754,2023-02-19 08:19:00
35894,46755,2025-12-08 11:49:04
22319,46756,2025-01-26 14:10:38
36434,46757,2026-02-04 18:17:59
1807,46758,2023-02-23 08:28:08
1784,46759,2023-01-05 12:49:17
22014,46760,2024-11-30 15:53:36
17758,46761,2024-08-02 14:50:33
21808,46762,2024-12-31 13:42:18
37375,46763,2026-01-24 09:29:45
37938,46764,2026-02-08 13:40:01
2840,46765,2023-02-05 11:43:29
16292,46766,2024-07-07 17:02:04
34145,46767,2025-11-06 11:39:50
28050,46768,2025-07-07 13:08:21
44031,46769,2026-07-17 11:10:52
9897,46770,2023-10-01 10:50:21
4121,46771,2023-06-07 15:26:10
2909,46772,2023-02-16 11:33:38
39616,46773,2026-05-26 10:49:04
1831,46774,2023-03-10 18:10:21
3351,46775,2023-02-16 10:32:37
42552,46776,2026-06-25 09:24:22
16775,46777,2024-07-21 14:07:06
19548,46778,2024-09-18 15:18:08
22939,46779,2024-11-25 17:41:28
13776,46780,2024-03-01 08:07:25
18857,46781,2024-08-26 12:36:36
37877,46782,2026-02-17 15:30:48
37600,46783,2026-02-22 15:14:04
9785,46784,2023-09-29 09:34:12
37418,46785,2026-02-27 12:39:18
38438,46786,2026-03-09 18:23:20
26316,46787,2025-04-07 18:09:09
24797,46788,2025-04-01 12:53:20
1992,46789,2023-01-26 17:54:03
36613,46790,2026-03-05 13:10:23
43632,46791,2026-07-04 09:07:21
23830,46792,2025-02-09 17:48:07
11893,46793,2024-01-24 17:04:29
5833,46794,2023-07-18 14:43:22
28291,46795,2025-07-10 09:25:45
6135,46796,2023-06-03 15:51:41
32196,46797,2025-09-19 08:18:31
32818,46798,2025-11-04 12:36:22
19145,46799,2024-07-25 13:45:25
43408,46800,2026-08-13 13:43:01
20316,46801,2024-09-23 14:41:09
45858,46802,2026-09-11 12:44:38
37441,46803,2026-03-21 13:24:45
27204,46804,2025-04-11 18:00:31
30317,46805,2025-09-20 09:56:16
3251,46806,2023-03-19 10:45:57
15956,46807,2024-05-26 09:54:34
38516,46808,2026-03-23 13:22:48
28790,46809,2025-05-23 16:40:34
36931,46810,2026-01-08 10:17:51
19421,46811,2024-08-14 18:37:22
10933,46812,2024-01-12 11:41:22
44712,46813,2026-07-29 16:37:54
7648,46814,2023-09-06 08:58:53
36169,46815,2025-12-21 16:58:26
18971,46816,2024-07-31 12:12:38
1863,46817,2023-02-18 16:35:10
10271,46818,2024-01-06 18:45:44
18809,46819,2024-10-02 10:51:32
4287,46820,2023-03-13 18:43:38
11032,46821,2023-10-28 09:00:40
32847,46822,2025-09-17 08:46:14
32657,46823,2025-11-10 15:00:11
28741,46824,2025-05-12 15:20:31
32397,46825,2025-09-07 09:19:47
25037,46826,2025-03-25 09:50:08
26592,46827,2025-05-23 10:33:27
28039,46828,2025-05-12 14:20:36
42937,46829,2026-07-02 08:46:58
8824,46830,2023-11-10 09:54:42
25988,46831,2025-04-26 11:45:08
34270,46832,2025-12-01 15:37:28
4629,46833,2023-05-07 14:01:09
12213,46834,2024-02-11 13:10:01
42877,46835,2026-06-18 11:20:55
186,46836,2022-11-05 12:34:15
19479,46837,2024-10-22 17:29:56
12027,46838,2024-02-24 14:28:45
27029,46839,2025-04-06 10:36:17
42268,46840,2026-07-01 14:13:09
33822,46841,2025-11-24 13:37:50
33878,46842,2025-11-05 18:29:22
30667,46843,2025-08-19 09:14:48
29877,46844,2025-09-13 11:04:02
18757,46845,2024-07-06 16:20:36
33487,46846,2025-10-27 13:47:57
27720,46847,2025-06-07 11:42:42
32867,46848,2025-11-26 16:19:19
23304,46849,2025-02-06 13:27:15
40943,46850,2026-05-27 13:05:07
39483,46851,2026-04-01 12:58:27
33869,46852,2025-12-07 18:18:49
38586,46853,2026-03-07 11:29:22
17379,46854,2024-06-08 10:14:55
44826,46855,2026-09-11 14:54:03
20129,46856,2024-11-09 13:41:06
42177,46857,2026-07-25 18:31:50
40577,46858,2026-05-23 15:24:51
33146,46859,2025-10-16 09:25:13
24205,46860,2025-01-05 11:46:44
41322,46861,2026-06-22 10:49:29
14239,46862,2024-04-04 08:09:02
16056,46863,2024-05-02 13:06:52
38011,46864,2026-02-14 09:57:32
22925,46865,2025-02-08 18:27:17
344,46866,2022-11-01 11:49:41
27666,46867,2025-06-15 11:14:55
1582,46868,2023-02-27 15:39:57
32696,46869,2025-09-27 13:28:36
21541,46870,2024-12-03 12:51:56
29813,46871,2025-07-17 11:54:14
26016,46872,2025-04-13 16:31:00
912,46873,2023-01-09 10:53:12
34936,46874,2025-12-01 09:57:32
24839,46875,2025-03-10 13:18:36
13672,46876,2024-03-25 09:43:46
543,46877,2022-12-01 08:42:09
24584,46878,2025-02-10 16:51:09
7013,46879,2023-06-22 15:34:07
37767,46880,2026-03-09 16:47:21
1236,46881,2023-01-12 09:23:29
32297,46882,2025-10-18 11:07:07
42623,46883,2026-08-12 09:23:05
15872,46884,2024-05-01 11:25:44
3494,46885,2023-02-28 14:52:47
269,46886,2022-10-22 15:41:12
22348,46887,2024-12-20 13:50:38
1780,46888,2023-01-17 14:57:39
19819,46889,2024-11-04 17:23:55
38401,46890,2026-04-21 17:49:50
3242,46891,2023-04-16 18:26:24
19111,46892,2024-07-31 10:55:30
21846,46893,2024-11-27 18:40:12
18116,46894,2024-06-17 17:34:57
15547,46895,2024-06-21 08:55:31
26183,46896,2025-04-13 14:29:57
481,46897,2022-11-13 15:42:31
5708,46898,2023-07-15 09:15:50
21,46899,2022-10-17 11:44:48
37249,46900,2026-03-19 18:36:52
720,46901,2022-11-26 08:24:23
589,46902,2022-11-03 17:20:44
40866,46903,2026-04-27 08:12:48
39604,46904,2026-05-02 14:01:47
10037,46905,2024-01-03 10:46:02
26627,46906,2025-05-30 12:41:48
13126,46907,2024-02-12 18:43:01
45358,46908,2026-08-14 10:29:46
27144,46909,2025-05-23 18:28:15
9057,46910,2023-10-14 08:49:02
7688,46911,2023-08-03 11:05:58
1955,46912,2023-01-12 12:57:17
10513,46913,2023-12-29 15:27:21
32468,46914,2025-10-03 12:13:52
304,46915,2022-12-08 12:48:31
351,46916,2022-11-03 16:10:13
174,46917,2022-10-26 15:14:22
10953,46918,2023-11-19 16:51:42
3701,46919,2023-04-21 10:44:40
39403,46920,2026-03-07 10:06:06
23171,46921,2025-01-11 16:43:01
20300,46922,2024-11-11 14:14:28
4016,46923,2023-03-26 18:07:23
13694,46924,2024-04-08 15:29:42
20783,46925,2024-10-24 08:44:24
11275,46926,2024-02-09 18:04:56
12426,46927,2024-02-21 13:22:47
14926,46928,2024-06-06 14:32:10
13805,46929,2024-03-03 08:11:31
6327,46930,2023-06-16 14:27:49
28246,46931,2025-07-08 17:24:50
34935,46932,2025-11-24 11:52:02
11361,46933,2023-12-14 17:03:00
6885,46934,2023-07-23 10:42:00
