user_id,first_name,last_name,email,title,date_created,office,team,manager_user_id,date_left,date_modified
1,Lucas,Taylor,lucas.taylor@example.com,Team Manager,2017-08-03 17:23:55,Manchester,Manchester Actuarial,,,2023-04-16 17:27:28
2,Farid,Taylor,farid.taylor@example.com,Principal Consultant,2016-04-13 12:56:00,Manchester,Manchester Actuarial,1,,2024-06-15 10:17:56
3,Claire,Murphy,claire.murphy@example.com,Principal Consultant,2019-08-22 15:36:54,Manchester,Manchester Actuarial,1,,2024-01-30 10:30:26
4,Oliver,Murphy,oliver.murphy@example.com,Principal Consultant,2021-08-29 13:33:34,Manchester,Manchester Actuarial,1,,2026-08-25 12:04:49
5,Lucia,Jansen,lucia.jansen@example.com,Consultant,2024-10-21 13:31:14,Manchester,Manchester Actuarial,1,,2026-02-03 16:42:23
6,Amelia,Wright,amelia.wright@example.com,Team Manager,2019-05-18 13:54:05,Manchester,Manchester Finance,,,2025-08-30 09:52:19
7,Claire,Brown,claire.brown@example.com,Principal Consultant,2019-12-17 11:25:37,Manchester,Manchester Finance,6,,2025-05-02 11:01:34
8,Mei,Shah,mei.shah@example.com,Principal Consultant,2020-08-11 11:43:18,Manchester,Manchester Finance,6,,2025-06-18 12:07:00
9,Emma,Byrne,emma.byrne@example.com,Principal Consultant,2017-03-03 18:38:04,Manchester,Manchester Finance,6,,2024-01-28 13:51:09
10,Aisha,Miller,aisha.miller@example.com,Consultant,2024-10-03 14:25:09,Manchester,Manchester Finance,6,,2025-07-23 10:20:36
11,Aoife,Garcia,aoife.garcia@example.com,Team Manager,2015-06-02 18:00:47,Manchester,Manchester Underwriting,,,2022-11-09 09:22:40
12,Daniel,Martin,daniel.martin@example.com,Principal Consultant,2016-03-25 08:49:07,Manchester,Manchester Underwriting,11,,2024-07-29 16:43:33
13,Daniel,Wright,daniel.wright@example.com,Senior Consultant,2020-05-10 15:08:19,Manchester,Manchester Underwriting,11,2025-04-20 15:14:53,2025-04-21 17:58:05
14,Farid,Davis,farid.davis@example.com,Principal Consultant,2018-11-07 14:30:04,Manchester,Manchester Underwriting,11,,2024-04-05 13:08:12
15,Lucas,Ng,lucas.ng@example.com,Senior Consultant,2023-06-12 08:23:40,Manchester,Manchester Underwriting,11,,2024-08-01 12:43:37
16,Jun,Taylor,jun.taylor@example.com,Associate Consultant,2024-10-19 13:37:29,Manchester,Manchester Underwriting,11,2025-07-14 09:08:14,2025-07-19 10:22:55
17,George,Brown,george.brown@example.com,Consultant,2025-04-22 08:55:05,Manchester,Manchester Underwriting,11,,2026-05-23 15:46:06
18,Chloe,Garcia,chloe.garcia@example.com,Consultant,2025-07-04 13:46:35,Manchester,Manchester Underwriting,11,,2026-06-18 18:18:07
19,Jun,Lopez,jun.lopez@example.com,Associate Consultant,2026-02-06 13:51:12,Manchester,Manchester Underwriting,11,,2026-08-18 14:12:35
20,Aoife,Jones,aoife.jones@example.com,Team Manager,2016-12-18 13:59:46,Manchester,Manchester Technology,,,2023-02-26 10:19:26
21,Lena,Evans,lena.evans@example.com,Consultant,2020-01-26 14:40:32,Manchester,Manchester Technology,20,2022-12-04 12:37:39,2022-12-11 14:03:27
22,Ella,Evans,ella.evans@example.com,Principal Consultant,2019-04-28 11:52:51,Manchester,Manchester Technology,20,,2022-12-02 09:40:02
23,Jonas,Ng,jonas.ng@example.com,Principal Consultant,2019-02-27 11:59:07,Manchester,Manchester Technology,20,2024-04-13 17:51:32,2024-04-15 11:44:42
24,Conor,Shah,conor.shah@example.com,Senior Consultant,2022-12-06 12:29:40,Manchester,Manchester Technology,20,,2025-08-16 18:17:58
25,Aisha,Muller,aisha.muller@example.com,Consultant,2023-10-19 12:17:25,Manchester,Manchester Technology,20,,2026-04-18 17:16:56
26,Emma,Martin,emma.martin@example.com,Consultant,2024-04-10 08:11:20,Manchester,Manchester Technology,20,,2024-06-27 12:39:56
27,Mia,Baker,mia.baker@example.com,Associate Consultant,2025-10-08 17:38:03,Manchester,Manchester Technology,20,,2026-03-24 10:22:12
28,Priya,Garcia,priya.garcia@example.com,Team Manager,2017-06-25 16:29:45,London,London Legal,,,2024-01-08 12:56:56
29,Hugo,Miller,hugo.miller@example.com,Principal Consultant,2020-02-16 11:58:05,London,London Legal,28,,2025-03-01 13:44:42
30,Aoife,Clarke,aoife.clarke@example.com,Principal Consultant,2020-07-21 18:00:02,London,London Legal,28,2025-12-05 11:42:47,2025-12-07 12:29:23
31,Priya,Chan,priya.chan@example.com,Principal Consultant,2020-03-09 17:33:39,London,London Legal,28,,2025-06-27 14:45:21
32,Mei,Chan,mei.chan@example.com,Principal Consultant,2018-09-11 08:49:16,London,London Legal,28,2024-04-05 18:46:23,2024-04-10 10:28:21
33,George,Hall,george.hall@example.com,Consultant,2024-04-10 18:30:34,London,London Legal,28,,2025-04-06 15:23:31
34,Pablo,Hughes,pablo.hughes@example.com,Associate Consultant,2024-10-02 10:39:40,London,London Legal,28,2024-12-21 10:46:59,2024-12-25 12:04:21
35,Tyler,Byrne,tyler.byrne@example.com,Consultant,2024-12-09 18:57:31,London,London Legal,28,,2026-04-05 14:37:26
36,Nurul,Murphy,nurul.murphy@example.com,Associate Consultant,2025-12-29 18:07:17,London,London Legal,28,,2026-06-26 08:23:58
37,Daniel,Muller,daniel.muller@example.com,Team Manager,2013-08-01 08:33:23,London,London Risk,,,2023-12-23 15:05:22
38,Nurul,Jansen,nurul.jansen@example.com,Senior Consultant,2022-02-22 16:53:53,London,London Risk,37,,2026-01-10 17:55:38
39,Harry,Hall,harry.hall@example.com,Principal Consultant,2017-09-22 16:21:31,London,London Risk,37,,2025-12-24 12:09:42
40,Lucie,Ng,lucie.ng@example.com,Principal Consultant,2017-04-05 15:54:33,London,London Risk,37,2022-12-16 15:59:46,2022-12-18 15:32:12
41,Wei,Davis,wei.davis@example.com,Senior Consultant,2020-08-05 11:04:52,London,London Risk,37,2025-04-09 11:12:24,2025-04-13 08:29:10
42,Ava,Jones,ava.jones@example.com,Principal Consultant,2021-01-20 16:40:05,London,London Risk,37,,2026-07-29 14:08:25
43,Louis,Brown,louis.brown@example.com,Senior Consultant,2022-12-12 09:03:52,London,London Risk,37,,2026-01-23 09:55:56
44,Emma,Lim,emma.lim@example.com,Consultant,2023-10-26 09:12:20,London,London Risk,37,,2025-08-20 14:58:05
45,Amelia,Tan,amelia.tan@example.com,Consultant,2025-04-19 16:38:08,London,London Risk,37,,2025-06-06 17:15:52
46,Grace,Roberts,grace.roberts@example.com,Associate Consultant,2025-10-24 15:54:36,London,London Risk,37,,2026-02-25 16:27:55
47,Aisha,Rahman,aisha.rahman@example.com,Team Manager,2016-10-26 17:15:46,London,London Change,,,2023-11-05 15:08:01
48,Grace,Ismail,grace.ismail@example.com,Senior Consultant,2021-11-06 09:44:41,London,London Change,47,,2025-02-13 08:07:18
49,Tom,Rahman,tom.rahman@example.com,Principal Consultant,2017-07-08 13:07:02,London,London Change,47,2024-09-03 16:05:07,2024-09-05 15:47:03
50,Mia,Wright,mia.wright@example.com,Senior Consultant,2019-03-30 16:17:15,London,London Change,47,2022-12-15 08:46:02,2022-12-19 08:53:20
51,Harry,Scott,harry.scott@example.com,Principal Consultant,2018-03-24 17:23:46,London,London Change,47,,2024-04-02 16:02:43
52,Noah,Young,noah.young@example.com,Senior Consultant,2022-12-19 13:13:51,London,London Change,47,,2025-06-22 17:54:13
53,Tyler,Murphy,tyler.murphy@example.com,Consultant,2024-09-03 16:47:22,London,London Change,47,,2025-07-21 18:31:03
54,Sanne,De Vries,sanne.devries@example.com,Consultant,2024-10-04 11:23:15,London,London Change,47,,2024-12-12 11:23:53
55,Sophie,Roberts,sophie.roberts@example.com,Team Manager,2017-11-15 08:39:02,London,London Actuarial,,,2024-09-19 15:24:53
56,Priya,Smith,priya.smith@example.com,Principal Consultant,2020-01-22 09:32:08,London,London Actuarial,55,,2026-07-29 16:25:26
57,Kate,Keller,kate.keller@example.com,Principal Consultant,2017-03-31 11:13:51,London,London Actuarial,55,2024-07-31 16:48:37,2024-08-07 15:26:42
58,Jonas,Green,jonas.green@example.com,Principal Consultant,2016-05-05 13:26:20,London,London Actuarial,55,2023-04-13 16:09:27,2023-04-16 08:05:45
59,Madison,Scott,madison.scott@example.com,Principal Consultant,2018-10-02 11:25:32,London,London Actuarial,55,,2023-09-09 11:01:03
60,Liam,Roberts,liam.roberts@example.com,Senior Consultant,2023-04-15 09:38:47,London,London Actuarial,55,,2024-11-21 17:17:38
61,Isla,Taylor,isla.taylor@example.com,Consultant,2023-10-27 17:06:52,London,London Actuarial,55,,2024-12-28 13:04:13
62,George,Martin,george.martin@example.com,Consultant,2024-07-08 16:02:46,London,London Actuarial,55,,2026-08-08 17:38:37
63,Madison,Bernard,madison.bernard@example.com,Associate Consultant,2025-10-18 09:30:10,London,London Actuarial,55,,2026-08-13 11:30:05
64,Sophie,Peeters,sophie.peeters@example.com,Team Manager,2017-11-21 16:43:33,Dublin,Dublin Underwriting,,,2024-07-21 10:11:42
65,Emma,Taylor,emma.taylor@example.com,Senior Consultant,2022-01-29 14:16:56,Dublin,Dublin Underwriting,64,,2026-06-09 08:12:47
66,Priya,Miller,priya.miller@example.com,Senior Consultant,2021-09-24 10:53:03,Dublin,Dublin Underwriting,64,,2024-07-22 09:51:44
67,Tom,Brown,tom.brown@example.com,Principal Consultant,2019-01-14 13:31:24,Dublin,Dublin Underwriting,64,,2024-12-09 15:23:07
68,Wei,Chan,wei.chan@example.com,Principal Consultant,2017-01-16 10:02:26,Dublin,Dublin Underwriting,64,2023-09-30 08:01:56,2023-10-05 12:07:51
69,Sam,Walker,sam.walker@example.com,Senior Consultant,2023-06-17 09:11:06,Dublin,Dublin Underwriting,64,,2025-07-24 11:29:11
70,Isla,Miller,isla.miller@example.com,Senior Consultant,2023-09-02 16:03:49,Dublin,Dublin Underwriting,64,,2024-01-28 16:51:19
71,Ava,Lopez,ava.lopez@example.com,Consultant,2024-10-21 18:14:28,Dublin,Dublin Underwriting,64,,2025-11-27 17:18:32
72,Tom,Davis,tom.davis@example.com,Associate Consultant,2026-02-04 15:14:27,Dublin,Dublin Underwriting,64,,2026-05-13 12:19:41
73,Grace,Smith,grace.smith@example.com,Team Manager,2014-07-09 14:23:32,Dublin,Dublin Finance,,,2026-08-08 18:13:38
74,Mei,Wong,mei.wong@example.com,Principal Consultant,2017-07-15 08:03:34,Dublin,Dublin Finance,73,,2024-05-31 13:24:15
75,Wei,Jones,wei.jones@example.com,Senior Consultant,2022-01-31 18:56:17,Dublin,Dublin Finance,73,,2022-12-20 17:53:12
76,Adam,Brown,adam.brown@example.com,Senior Consultant,2022-03-02 12:04:11,Dublin,Dublin Finance,73,,2023-08-15 18:45:55
77,Tyler,Murphy,tyler.murphy2@example.com,Consultant,2024-10-04 12:27:48,Dublin,Dublin Finance,73,2025-12-14 09:19:42,2025-12-24 11:20:21
78,Amelia,Green,amelia.green@example.com,Associate Consultant,2025-12-24 10:18:40,Dublin,Dublin Finance,73,,2026-07-01 14:42:23
79,Jonas,Keller,jonas.keller@example.com,Team Manager,2018-10-19 11:55:54,Amsterdam,Amsterdam Change,,,2025-10-19 15:41:26
80,Priya,Wright,priya.wright@example.com,Principal Consultant,2019-10-03 17:12:48,Amsterdam,Amsterdam Change,79,,2025-12-24 10:53:02
81,Farid,Keller,farid.keller@example.com,Principal Consultant,2021-05-12 18:58:26,Amsterdam,Amsterdam Change,79,,2024-10-06 09:23:37
82,Ella,Walker,ella.walker@example.com,Senior Consultant,2022-01-05 18:09:33,Amsterdam,Amsterdam Change,79,,2023-12-09 14:41:23
83,Harry,Johnson,harry.johnson@example.com,Principal Consultant,2020-08-24 09:38:01,Amsterdam,Amsterdam Change,79,,2025-06-24 17:32:53
84,Hugo,Rahman,hugo.rahman@example.com,Principal Consultant,2016-11-28 09:54:54,Amsterdam,Amsterdam Change,79,,2026-05-06 18:58:45
85,Mia,Tan,mia.tan@example.com,Senior Consultant,2023-06-30 17:28:44,Amsterdam,Amsterdam Change,79,,2025-12-24 09:39:40
86,Lucia,Jones,lucia.jones@example.com,Consultant,2024-10-11 15:16:40,Amsterdam,Amsterdam Change,79,,2025-08-26 12:33:25
87,Jonas,Evans,jonas.evans@example.com,Associate Consultant,2026-02-05 08:47:58,Amsterdam,Amsterdam Change,79,,2026-06-16 12:29:20
88,George,Scott,george.scott@example.com,Team Manager,2013-04-18 11:35:33,Brussels,Brussels Actuarial,,,2022-11-06 12:37:29
89,George,Taylor,george.taylor@example.com,Consultant,2022-02-13 18:25:06,Brussels,Brussels Actuarial,88,2024-08-10 14:12:37,2024-08-17 08:45:57
90,Claire,Evans,claire.evans@example.com,Principal Consultant,2018-01-08 08:30:20,Brussels,Brussels Actuarial,88,,2025-12-25 14:24:06
91,Oliver,Taylor,oliver.taylor@example.com,Senior Consultant,2022-06-14 18:29:55,Brussels,Brussels Actuarial,88,,2024-04-30 10:34:04
92,Jonas,Clarke,jonas.clarke@example.com,Principal Consultant,2018-11-20 12:17:56,Brussels,Brussels Actuarial,88,,2026-05-13 13:14:17
93,Tom,Lopez,tom.lopez@example.com,Principal Consultant,2018-03-11 16:06:44,Brussels,Brussels Actuarial,88,,2022-10-19 08:09:55
94,Tyler,Hughes,tyler.hughes@example.com,Consultant,2023-10-19 12:01:17,Brussels,Brussels Actuarial,88,,2025-12-15 11:43:59
95,Conor,Baker,conor.baker@example.com,Consultant,2024-08-08 11:35:54,Brussels,Brussels Actuarial,88,,2025-02-15 18:34:50
96,Isla,Davis,isla.davis@example.com,Associate Consultant,2025-10-09 13:16:55,Brussels,Brussels Actuarial,88,,2025-10-26 09:23:30
97,Claire,King,claire.king@example.com,Team Manager,2015-08-17 08:11:16,Madrid,Madrid Legal,,,2023-05-19 10:20:50
98,Pablo,Murphy,pablo.murphy@example.com,Principal Consultant,2019-02-14 11:13:49,Madrid,Madrid Legal,97,2025-12-02 09:41:55,2025-12-03 17:23:52
99,Aoife,Ismail,aoife.ismail@example.com,Principal Consultant,2016-04-21 18:46:29,Madrid,Madrid Legal,97,,2023-01-23 11:55:37
100,Harry,Jones,harry.jones@example.com,Principal Consultant,2018-05-09 11:13:56,Madrid,Madrid Legal,97,,2023-02-16 18:28:36
101,Ava,Davis,ava.davis@example.com,Principal Consultant,2020-07-07 15:05:42,Madrid,Madrid Legal,97,2025-07-09 11:41:37,2025-07-15 15:47:22
102,Daan,Bernard,daan.bernard@example.com,Consultant,2023-10-04 15:38:59,Madrid,Madrid Legal,97,,2025-12-24 18:57:08
103,Farid,Smith,farid.smith@example.com,Consultant,2025-07-08 17:33:39,Madrid,Madrid Legal,97,,2026-08-06 12:26:00
104,Aoife,Evans,aoife.evans@example.com,Associate Consultant,2025-10-13 12:12:56,Madrid,Madrid Legal,97,,2026-06-14 09:23:22
105,Liam,Muller,liam.muller@example.com,Associate Consultant,2025-12-04 11:49:54,Madrid,Madrid Legal,97,,2026-05-08 13:33:58
106,Hugo,Brown,hugo.brown@example.com,Team Manager,2017-01-26 09:08:28,Paris,Paris Change,,,2024-02-24 17:21:51
107,Mei,Peeters,mei.peeters@example.com,Senior Consultant,2022-04-01 09:46:26,Paris,Paris Change,106,2026-01-15 14:35:04,2026-01-22 14:44:37
108,Lucie,Davis,lucie.davis@example.com,Principal Consultant,2016-09-21 14:57:50,Paris,Paris Change,106,,2025-05-05 08:11:29
109,Farid,Hughes,farid.hughes@example.com,Principal Consultant,2018-03-31 11:25:09,Paris,Paris Change,106,2023-08-14 08:43:57,2023-08-20 09:29:52
110,Harry,Lim,harry.lim@example.com,Principal Consultant,2017-01-16 09:06:07,Paris,Paris Change,106,2024-02-28 09:19:02,2024-03-06 14:18:44
111,Hannah,Chan,hannah.chan@example.com,Senior Consultant,2022-03-30 16:23:43,Paris,Paris Change,106,2025-08-23 14:21:30,2025-08-29 12:30:30
112,Amelia,Peeters,amelia.peeters@example.com,Consultant,2023-06-04 12:58:37,Paris,Paris Change,106,2025-10-13 17:41:58,2025-10-20 09:10:28
113,Lucie,Rahman,lucie.rahman@example.com,Associate Consultant,2023-08-02 12:49:23,Paris,Paris Change,106,2023-09-17 11:24:20,2023-09-22 12:16:52
114,Harry,Byrne,harry.byrne@example.com,Consultant,2023-09-14 10:53:33,Paris,Paris Change,106,,2024-09-05 14:59:51
115,Arjun,Murphy,arjun.murphy@example.com,Consultant,2024-02-26 14:21:38,Paris,Paris Change,106,,2026-02-08 15:50:29
116,Mei,Bernard,mei.bernard@example.com,Consultant,2024-10-11 15:37:29,Paris,Paris Change,106,,2025-05-13 12:45:55
117,Madison,Garcia,madison.garcia@example.com,Consultant,2025-08-16 13:29:45,Paris,Paris Change,106,,2026-09-04 09:35:17
118,Daniel,Wong,daniel.wong@example.com,Associate Consultant,2025-10-26 13:37:08,Paris,Paris Change,106,,2026-01-08 10:15:16
119,Aisha,Martin,aisha.martin@example.com,Associate Consultant,2026-01-18 13:19:04,Paris,Paris Change,106,,2026-06-24 18:10:46
120,Farid,Lopez,farid.lopez@example.com,Associate Consultant,2026-02-04 10:04:20,Paris,Paris Change,106,,2026-03-25 17:49:48
121,Oliver,Patel,oliver.patel@example.com,Team Manager,2014-08-10 11:22:39,Paris,Paris Underwriting,,,2024-08-03 13:39:14
122,Jonas,Scott,jonas.scott@example.com,Principal Consultant,2016-01-17 09:39:41,Paris,Paris Underwriting,121,2024-11-21 12:00:42,2024-11-21 16:42:54
123,Lucia,Lim,lucia.lim@example.com,Principal Consultant,2019-10-02 12:55:07,Paris,Paris Underwriting,121,,2026-07-28 12:07:40
124,Harry,Martin,harry.martin@example.com,Consultant,2022-06-16 12:17:21,Paris,Paris Underwriting,121,2023-10-04 11:20:29,2023-10-14 12:58:55
125,Priya,Miller,priya.miller2@example.com,Principal Consultant,2017-07-21 08:28:04,Paris,Paris Underwriting,121,,2025-09-10 17:50:54
126,Ella,Davis,ella.davis@example.com,Principal Consultant,2019-10-31 09:17:18,Paris,Paris Underwriting,121,2024-11-28 16:01:49,2024-12-08 13:04:46
127,Mia,Baker,mia.baker2@example.com,Associate Consultant,2023-10-10 15:53:24,Paris,Paris Underwriting,121,2023-12-14 12:04:06,2023-12-14 16:30:56
128,Chloe,Miller,chloe.miller@example.com,Consultant,2023-12-27 12:58:50,Paris,Paris Underwriting,121,,2026-07-30 16:50:24
129,Noah,Jansen,noah.jansen@example.com,Consultant,2024-10-19 13:48:07,Paris,Paris Underwriting,121,,2026-02-17 15:20:48
130,Madison,Young,madison.young@example.com,Consultant,2024-11-18 16:30:47,Paris,Paris Underwriting,121,,2025-07-14 09:38:30
131,Aisha,Young,aisha.young@example.com,Consultant,2024-11-25 11:34:45,Paris,Paris Underwriting,121,,2025-11-01 14:16:14
132,Jun,Evans,jun.evans@example.com,Team Manager,2016-03-06 12:03:32,Zurich,Zurich Finance,,,2026-06-20 16:07:35
133,Jun,Wright,jun.wright@example.com,Consultant,2022-05-03 08:23:55,Zurich,Zurich Finance,132,2023-07-07 17:07:40,2023-07-11 18:42:36
134,Lucie,Murphy,lucie.murphy@example.com,Principal Consultant,2021-01-23 09:36:18,Zurich,Zurich Finance,132,,2025-08-18 18:23:54
135,Arjun,Keller,arjun.keller@example.com,Principal Consultant,2020-05-08 15:47:40,Zurich,Zurich Finance,132,,2025-02-08 08:23:31
136,Wei,Lopez,wei.lopez@example.com,Senior Consultant,2021-12-24 14:41:13,Zurich,Zurich Finance,132,,2026-06-19 14:29:51
137,Ethan,Muller,ethan.muller@example.com,Senior Consultant,2023-07-13 18:43:06,Zurich,Zurich Finance,132,,2024-11-02 17:30:44
138,Wei,Scott,wei.scott@example.com,Consultant,2024-10-28 12:26:38,Zurich,Zurich Finance,132,,2024-11-11 17:33:55
139,Lucie,Clarke,lucie.clarke@example.com,Team Manager,2014-08-30 14:47:40,Zurich,Zurich Change,,,2023-08-13 10:26:01
140,Noah,Garcia,noah.garcia@example.com,Principal Consultant,2018-09-05 11:15:06,Zurich,Zurich Change,139,,2025-09-27 12:30:36
141,Chloe,Scott,chloe.scott@example.com,Principal Consultant,2016-05-15 12:37:17,Zurich,Zurich Change,139,2023-12-03 14:36:45,2023-12-04 18:57:23
142,Hugo,Clarke,hugo.clarke@example.com,Principal Consultant,2020-04-23 18:30:48,Zurich,Zurich Change,139,,2025-03-23 11:00:06
143,Jun,Lopez,jun.lopez2@example.com,Senior Consultant,2021-10-06 09:48:11,Zurich,Zurich Change,139,,2025-08-07 11:05:08
144,Emma,Roberts,emma.roberts@example.com,Consultant,2023-12-16 15:40:28,Zurich,Zurich Change,139,,2026-08-13 10:06:48
145,Emma,Lopez,emma.lopez@example.com,Consultant,2024-10-01 13:48:28,Zurich,Zurich Change,139,,2025-09-29 08:11:23
146,Amelia,Rahman,amelia.rahman@example.com,Team Manager,2018-07-24 12:59:52,New York,New York Change,,,2023-05-03 15:03:52
147,Sanne,Keller,sanne.keller@example.com,Principal Consultant,2015-12-18 12:57:14,New York,New York Change,146,,2023-04-29 12:57:12
148,Nurul,Ismail,nurul.ismail@example.com,Senior Consultant,2020-04-07 14:22:09,New York,New York Change,146,2024-09-28 12:21:58,2024-10-04 18:21:45
149,Chloe,Lim,chloe.lim@example.com,Consultant,2022-08-29 13:29:20,New York,New York Change,146,2024-12-30 13:45:15,2025-01-03 12:56:28
150,Pablo,Lopez,pablo.lopez@example.com,Principal Consultant,2018-07-07 18:52:34,New York,New York Change,146,,2023-09-14 12:34:58
151,Grace,Walker,grace.walker@example.com,Principal Consultant,2019-10-01 18:05:58,New York,New York Change,146,,2023-08-11 12:27:40
152,Madison,Chan,madison.chan@example.com,Senior Consultant,2023-06-06 15:11:44,New York,New York Change,146,,2025-03-11 08:02:54
153,Jack,Peeters,jack.peeters@example.com,Consultant,2024-09-13 18:11:15,New York,New York Change,146,,2025-01-09 18:04:17
154,Farid,De Vries,farid.devries@example.com,Consultant,2024-10-25 17:37:23,New York,New York Change,146,,2025-04-09 10:53:22
155,Grace,Baker,grace.baker@example.com,Consultant,2024-12-11 09:54:54,New York,New York Change,146,,2026-05-05 18:59:21
156,Noah,Smith,noah.smith@example.com,Associate Consultant,2026-02-24 13:44:34,New York,New York Change,146,2026-09-05 13:57:46,2026-09-10 09:14:40
157,Noah,Johnson,noah.johnson@example.com,Associate Consultant,2026-09-12 09:51:40,New York,New York Change,146,,2026-09-12 11:35:15
158,Madison,Jones,madison.jones@example.com,Team Manager,2013-07-29 16:52:39,New York,New York Technology,,,2025-04-14 13:27:16
159,Lucia,Hughes,lucia.hughes@example.com,Principal Consultant,2016-12-27 14:54:45,New York,New York Technology,158,,2025-02-10 09:11:39
160,Tom,Ng,tom.ng@example.com,Principal Consultant,2018-05-05 09:23:29,New York,New York Technology,158,,2023-12-04 10:48:50
161,Hugo,Johnson,hugo.johnson@example.com,Principal Consultant,2021-05-13 10:09:55,New York,New York Technology,158,,2023-01-19 17:34:44
162,Sanne,Shah,sanne.shah@example.com,Principal Consultant,2019-05-28 08:22:40,New York,New York Technology,158,,2023-06-19 13:37:39
163,Liam,Taylor,liam.taylor@example.com,Consultant,2024-10-19 15:03:38,New York,New York Technology,158,2026-05-30 10:23:41,2026-06-08 17:12:54
164,Lucie,Johnson,lucie.johnson@example.com,Associate Consultant,2026-05-19 12:19:50,New York,New York Technology,158,,2026-08-23 17:00:46
165,Mia,Patel,mia.patel@example.com,Team Manager,2018-08-25 11:25:42,New York,New York Legal,,,2022-11-16 14:16:44
166,Priya,Jansen,priya.jansen@example.com,Principal Consultant,2017-09-29 14:51:21,New York,New York Legal,165,,2024-09-27 14:43:58
167,Tom,Lim,tom.lim@example.com,Senior Consultant,2019-11-15 16:48:09,New York,New York Legal,165,2024-10-07 11:17:37,2024-10-15 13:28:22
168,Lucas,Taylor,lucas.taylor2@example.com,Consultant,2021-08-08 11:19:15,New York,New York Legal,165,2024-06-11 18:31:23,2024-06-17 15:06:52
169,Priya,Muller,priya.muller@example.com,Senior Consultant,2023-06-02 11:32:26,New York,New York Legal,165,,2023-08-01 08:42:11
170,Liam,Peeters,liam.peeters@example.com,Consultant,2024-06-23 17:03:34,New York,New York Legal,165,,2024-09-07 17:21:57
171,Sophie,Hall,sophie.hall@example.com,Consultant,2024-10-15 14:52:08,New York,New York Legal,165,,2026-05-26 10:34:03
172,Mia,De Vries,mia.devries@example.com,Consultant,2024-10-31 09:03:14,New York,New York Legal,165,,2025-07-08 08:37:34
173,Amelia,King,amelia.king@example.com,Associate Consultant,2026-02-17 13:41:34,New York,New York Legal,165,,2026-08-13 08:18:25
174,Chloe,Tan,chloe.tan@example.com,Team Manager,2013-09-05 10:22:52,Charlotte,Charlotte Underwriting,,,2025-08-14 17:27:03
175,Jonas,Shah,jonas.shah@example.com,Principal Consultant,2017-01-04 14:30:02,Charlotte,Charlotte Underwriting,174,,2022-12-28 10:42:20
176,Jun,Jansen,jun.jansen@example.com,Principal Consultant,2017-07-01 15:24:38,Charlotte,Charlotte Underwriting,174,2023-07-21 12:27:41,2023-07-30 12:50:59
177,Sanne,Muller,sanne.muller@example.com,Principal Consultant,2021-06-30 18:52:46,Charlotte,Charlotte Underwriting,174,,2025-09-29 12:53:32
178,Priya,Hall,priya.hall@example.com,Senior Consultant,2023-06-20 17:57:51,Charlotte,Charlotte Underwriting,174,,2026-04-08 11:25:11
179,Noah,Jansen,noah.jansen2@example.com,Senior Consultant,2023-07-24 15:34:44,Charlotte,Charlotte Underwriting,174,,2023-08-18 18:56:45
180,Ava,Bernard,ava.bernard@example.com,Consultant,2024-10-19 12:24:05,Charlotte,Charlotte Underwriting,174,,2025-02-10 08:09:58
181,Lucia,Garcia,lucia.garcia@example.com,Associate Consultant,2026-02-06 15:53:43,Charlotte,Charlotte Underwriting,174,,2026-06-23 15:45:12
182,Nurul,Wright,nurul.wright@example.com,Team Manager,2016-07-31 08:17:00,Hong Kong,Hong Kong Finance,,,2025-08-03 14:10:57
183,Hannah,Johnson,hannah.johnson@example.com,Principal Consultant,2021-08-09 13:08:50,Hong Kong,Hong Kong Finance,182,,2026-07-27 16:33:28
184,George,Rahman,george.rahman@example.com,Senior Consultant,2021-12-31 18:47:38,Hong Kong,Hong Kong Finance,182,2026-07-06 18:09:31,2026-07-06 13:13:51
185,Hugo,Peeters,hugo.peeters@example.com,Senior Consultant,2020-07-16 09:14:22,Hong Kong,Hong Kong Finance,182,2024-11-27 14:37:50,2024-12-07 08:02:13
186,Lucie,Chan,lucie.chan@example.com,Senior Consultant,2021-12-23 09:41:15,Hong Kong,Hong Kong Finance,182,,2023-10-16 18:00:37
187,Sam,Miller,sam.miller@example.com,Senior Consultant,2022-07-07 15:16:15,Hong Kong,Hong Kong Finance,182,2026-01-06 10:27:59,2026-01-09 15:53:15
188,Aoife,Tan,aoife.tan@example.com,Associate Consultant,2024-10-14 09:01:23,Hong Kong,Hong Kong Finance,182,2025-03-30 15:47:47,2025-04-03 13:45:49
189,Tyler,Lim,tyler.lim@example.com,Consultant,2024-11-25 16:47:12,Hong Kong,Hong Kong Finance,182,2026-05-30 08:04:12,2026-06-06 13:59:39
190,Daniel,Shah,daniel.shah@example.com,Consultant,2025-03-03 16:11:06,Hong Kong,Hong Kong Finance,182,,2025-08-27 13:07:52
191,Emma,Rahman,emma.rahman@example.com,Associate Consultant,2026-01-31 14:27:23,Hong Kong,Hong Kong Finance,182,,2026-07-25 18:52:21
192,Hugo,Scott,hugo.scott@example.com,Associate Consultant,2026-05-13 13:19:54,Hong Kong,Hong Kong Finance,182,,2026-05-14 13:50:29
193,Noah,Davis,noah.davis@example.com,Associate Consultant,2026-07-03 09:46:39,Hong Kong,Hong Kong Finance,182,,2026-08-17 11:30:52
194,Sanne,Wood,sanne.wood@example.com,Team Manager,2013-09-30 11:20:25,Singapore,Singapore Change,,,2024-11-04 15:36:59
195,Farid,Keller,farid.keller2@example.com,Principal Consultant,2020-01-31 17:07:41,Singapore,Singapore Change,194,2025-12-10 08:23:14,2025-12-20 14:10:17
196,Lena,Hall,lena.hall@example.com,Senior Consultant,2019-02-16 13:58:33,Singapore,Singapore Change,194,2023-12-23 13:31:24,2024-01-01 18:56:03
197,Nurul,Brown,nurul.brown@example.com,Consultant,2022-03-16 11:18:53,Singapore,Singapore Change,194,2024-02-07 11:51:58,2024-02-09 08:51:22
198,Madison,Clarke,madison.clarke@example.com,Principal Consultant,2016-01-24 17:25:09,Singapore,Singapore Change,194,2026-05-16 09:48:03,2026-05-18 12:36:45
199,Ethan,Taylor,ethan.taylor@example.com,Consultant,2023-10-07 09:18:53,Singapore,Singapore Change,194,,2025-03-28 16:02:06
200,George,Roberts,george.roberts@example.com,Consultant,2023-12-19 18:48:53,Singapore,Singapore Change,194,2025-05-25 14:59:22,2025-05-29 17:52:27
201,Nurul,Lopez,nurul.lopez@example.com,Consultant,2024-02-22 10:48:41,Singapore,Singapore Change,194,,2025-02-03 17:19:40
202,Hannah,Johnson,hannah.johnson2@example.com,Consultant,2025-05-17 10:46:02,Singapore,Singapore Change,194,,2025-07-07 13:43:05
203,Kate,Wood,kate.wood@example.com,Associate Consultant,2025-10-04 11:47:04,Singapore,Singapore Change,194,,2025-11-14 16:04:14
204,Grace,Clarke,grace.clarke@example.com,Associate Consultant,2025-12-13 18:42:55,Singapore,Singapore Change,194,2026-09-01 14:31:18,2026-09-08 18:21:04
205,Harry,Jones,harry.jones2@example.com,Associate Consultant,2026-05-07 09:21:12,Singapore,Singapore Change,194,,2026-09-01 09:20:20
206,George,Bernard,george.bernard@example.com,Associate Consultant,2026-09-05 18:39:25,Singapore,Singapore Change,194,,2026-09-05 09:06:50
207,Sophie,Martin,sophie.martin@example.com,Team Manager,2015-06-30 15:14:48,Malaysia,Malaysia Underwriting,,,2024-11-19 08:15:03
208,Lena,Wright,lena.wright@example.com,Principal Consultant,2019-03-13 17:35:35,Malaysia,Malaysia Underwriting,207,2026-04-05 17:57:44,2026-04-05 13:50:56
209,Nurul,Rahman,nurul.rahman@example.com,Principal Consultant,2017-09-02 15:37:58,Malaysia,Malaysia Underwriting,207,,2023-05-12 12:05:50
210,Ella,Roberts,ella.roberts@example.com,Senior Consultant,2022-02-07 08:05:21,Malaysia,Malaysia Underwriting,207,,2026-05-23 17:22:07
211,Ava,Tan,ava.tan@example.com,Principal Consultant,2017-07-23 16:16:42,Malaysia,Malaysia Underwriting,207,2023-08-16 08:30:09,2023-08-20 12:23:53
212,Priya,Martin,priya.martin@example.com,Senior Consultant,2023-08-02 17:09:11,Malaysia,Malaysia Underwriting,207,,2024-02-05 14:05:35
213,Claire,Ismail,claire.ismail@example.com,Consultant,2024-10-12 14:47:28,Malaysia,Malaysia Underwriting,207,,2026-07-17 10:21:59
214,Daniel,Ismail,daniel.ismail@example.com,Associate Consultant,2026-04-26 15:08:17,Malaysia,Malaysia Underwriting,207,,2026-05-22 18:08:48
